epoch,time,train/box_loss,train/cls_loss,train/dfl_loss,metrics/precision(B),metrics/recall(B),metrics/mAP50(B),metrics/mAP50-95(B),val/box_loss,val/cls_loss,val/dfl_loss,lr/pg0,lr/pg1,lr/pg2
1,16.6487,4.4953,6.94755,0.11554,0,0,0,0,0.72657,4.95073,0.04031,0,0,0
2,32.0807,4.40211,7.0815,0.11119,0,0,0,0,0.72643,4.94971,0.0403,1.9802e-05,1.9802e-05,1.9802e-05
3,47.2948,4.64032,6.90249,0.10814,0,0,0,0,0.72629,4.9489,0.04029,3.9208e-05,3.9208e-05,3.9208e-05
4,62.2218,5.18661,8.45959,0.13079,0,0,0,0,0.72623,4.94838,0.04029,5.8218e-05,5.8218e-05,5.8218e-05
5,77.5421,1.03971,8.00566,0.04858,0,0,0,0,0.72609,4.9476,0.04028,7.6832e-05,7.6832e-05,7.6832e-05
6,92.6637,4.72596,7.41529,0.10675,0,0,0,0,0.72598,4.94578,0.04027,9.505e-05,9.505e-05,9.505e-05
7,107.516,2.59481,5.3721,0.04623,0,0,0,0,0.72586,4.94479,0.04027,0.000112872,0.000112872,0.000112872
8,122.923,3.89001,6.24283,0.07986,0,0,0,0,0.72572,4.94292,0.04026,0.000130298,0.000130298,0.000130298
9,138.165,3.46616,5.82381,0.07072,0,0,0,0,0.72546,4.94166,0.04025,0.000147328,0.000147328,0.000147328
10,153.057,2.36762,8.31464,0.10273,0,0,0,0,0.72523,4.93931,0.04023,0.000163962,0.000163962,0.000163962
11,168.058,2.19052,8.09881,0.10555,0,0,0,0,0.72495,4.93688,0.04022,0.0001802,0.0001802,0.0001802
12,183.39,4.37262,7.01551,0.11092,0,0,0,0,0.72457,4.93434,0.0402,0.000196042,0.000196042,0.000196042
13,199.242,0.83764,7.67156,0.0377,0,0,0,0,0.72426,4.93195,0.04019,0.000211488,0.000211488,0.000211488
14,214.581,2.75381,8.50136,0.11647,0,0,0,0,0.72374,4.92866,0.04016,0.000226538,0.000226538,0.000226538
15,230.686,4.46748,9.39243,0.13026,0,0,0,0,0.72324,4.92525,0.04014,0.000241192,0.000241192,0.000241192
16,246.512,2.48954,8.13678,0.10638,0,0,0,0,0.72258,4.92161,0.04011,0.00025545,0.00025545,0.00025545
17,261.761,4.30031,6.57692,0.10404,0,0,0,0,0.72185,4.91685,0.04008,0.000269312,0.000269312,0.000269312
18,276.908,2.1528,8.081,0.0804,0,0,0,0,0.72185,4.91685,0.04008,0.000282778,0.000282778,0.000282778
19,292.2,3.78469,6.47604,0.09013,0,0,0,0,0.72063,4.91253,0.04002,0.000295848,0.000295848,0.000295848
20,307.346,2.40973,8.12042,0.0942,0,0,0,0,0.72063,4.91253,0.04002,0.000308522,0.000308522,0.000308522
21,322.592,3.02778,5.49977,0.05789,0,0,0,0,0.71909,4.90652,0.03995,0.0003208,0.0003208,0.0003208
22,337.671,3.60304,5.71395,0.07646,0,0,0,0,0.71909,4.90652,0.03995,0.000332682,0.000332682,0.000332682
23,353.07,2.47772,8.19882,0.08441,0,0,0,0,0.71738,4.90009,0.03987,0.000344168,0.000344168,0.000344168
24,368.135,2.42533,8.08713,0.10794,0,0,0,0,0.71738,4.90009,0.03987,0.000355258,0.000355258,0.000355258
25,383.327,1.23154,7.50159,0.06255,0,0,0,0,0.71548,4.89258,0.03979,0.000365952,0.000365952,0.000365952
26,398.481,3.90991,6.02641,0.07738,0,0,0,0,0.71548,4.89258,0.03979,0.00037625,0.00037625,0.00037625
27,413.617,2.28715,7.9384,0.10631,0,0,0,0,0.71322,4.88355,0.03968,0.000386152,0.000386152,0.000386152
28,428.917,4.58999,7.13949,0.11041,0,0,0,0,0.71322,4.88355,0.03968,0.000395658,0.000395658,0.000395658
29,444.089,4.93409,7.78061,0.1352,0,0,0,0,0.71131,4.87328,0.03959,0.000404768,0.000404768,0.000404768
30,459.31,1.69545,7.53936,0.07142,0,0,0,0,0.71131,4.87328,0.03959,0.000413482,0.000413482,0.000413482
31,474.407,2.8061,8.1698,0.12793,0,0,0,0,0.70878,4.8609,0.03947,0.0004218,0.0004218,0.0004218
32,489.429,5.23429,7.96328,0.14088,0,0,0,0,0.70878,4.8609,0.03947,0.000429722,0.000429722,0.000429722
33,504.976,2.41963,7.7902,0.08748,0,0,0,0,0.70629,4.84738,0.03934,0.000437248,0.000437248,0.000437248
34,519.972,4.02048,6.0601,0.10862,0,0,0,0,0.70629,4.84738,0.03934,0.000444378,0.000444378,0.000444378
35,534.919,2.5629,7.88659,0.11098,0,0,0,0,0.70373,4.83167,0.03922,0.000451112,0.000451112,0.000451112
36,549.993,3.24374,8.47244,0.1418,0,0,0,0,0.70373,4.83167,0.03922,0.00045745,0.00045745,0.00045745
37,565.39,3.54437,8.43353,0.10003,0,0,0,0,0.70072,4.81444,0.03907,0.000463392,0.000463392,0.000463392
38,580.691,2.53688,7.58248,0.10274,0,0,0,0,0.70072,4.81444,0.03907,0.000468938,0.000468938,0.000468938
39,595.835,3.2191,8.35734,0.13257,0,0,0,0,0.69699,4.79502,0.0389,0.000474088,0.000474088,0.000474088
40,611.232,4.31618,6.57305,0.10279,0,0,0,0,0.69699,4.79502,0.0389,0.000478842,0.000478842,0.000478842
41,626.533,4.45716,6.13916,0.11454,0,0,0,0,0.69225,4.7723,0.03867,0.0004832,0.0004832,0.0004832
42,642.136,2.9216,7.9148,0.09915,0,0,0,0,0.69225,4.7723,0.03867,0.000487162,0.000487162,0.000487162
43,657.293,1.31749,7.12606,0.07679,0,0,0,0,0.68726,4.74679,0.03844,0.000490728,0.000490728,0.000490728
44,672.495,4.13173,5.86146,0.1041,0,0,0,0,0.68726,4.74679,0.03844,0.000493898,0.000493898,0.000493898
45,687.731,4.81335,8.62207,0.15456,0,0,0,0,0.68175,4.71884,0.03818,0.000496672,0.000496672,0.000496672
46,702.772,3.57185,8.40925,0.11898,0,0,0,0,0.68175,4.71884,0.03818,0.00049905,0.00049905,0.00049905
47,717.869,3.03107,4.80149,0.05635,0,0,0,0,0.67452,4.68818,0.03785,0.000501032,0.000501032,0.000501032
48,733.016,2.52674,7.41392,0.08912,0,0,0,0,0.67452,4.68818,0.03785,0.000502618,0.000502618,0.000502618
49,747.898,3.11176,7.58747,0.09156,0,0,0,0,0.6678,4.65703,0.03754,0.000503808,0.000503808,0.000503808
50,763.111,2.93823,7.60037,0.09564,0,0,0,0,0.6678,4.65703,0.03754,0.000504602,0.000504602,0.000504602
51,778.337,3.81675,5.39276,0.08015,0,0,0,0,0.66023,4.62444,0.03719,0.000505,0.000505,0.000505
52,793.279,2.53628,7.07641,0.11911,0,0,0,0,0.66023,4.62444,0.03719,0.000505002,0.000505002,0.000505002
53,808.511,4.34249,5.98971,0.11013,0,0,0,0,0.66023,4.62444,0.03719,0.000504608,0.000504608,0.000504608
54,823.739,3.5836,5.17527,0.07305,0,0,0,0,0.64946,4.58169,0.03668,0.000503818,0.000503818,0.000503818
55,839.163,3.11788,7.30861,0.10739,0,0,0,0,0.64946,4.58169,0.03668,0.000502632,0.000502632,0.000502632
56,853.92,4.46021,6.00026,0.11238,0,0,0,0,0.64946,4.58169,0.03668,0.00050105,0.00050105,0.00050105
57,868.874,4.83132,6.50051,0.12278,0,0,0,0,0.64061,4.53825,0.03628,0.000499072,0.000499072,0.000499072
58,884.239,3.68907,7.85974,0.129,0,0,0,0,0.64061,4.53825,0.03628,0.000496698,0.000496698,0.000496698
59,899.276,1.74449,6.7523,0.08891,0,0,0,0,0.64061,4.53825,0.03628,0.000493928,0.000493928,0.000493928
60,915.088,3.4573,5.07791,0.07298,0,0,0,0,0.63082,4.49216,0.03582,0.000490762,0.000490762,0.000490762
61,931.783,4.67327,7.75075,0.1383,0,0,0,0,0.63082,4.49216,0.03582,0.0004872,0.0004872,0.0004872
62,948.294,1.87405,6.67422,0.08318,0,0,0,0,0.63082,4.49216,0.03582,0.000483242,0.000483242,0.000483242
63,964.94,3.80317,5.42461,0.10486,0,0,0,0,0.6238,4.45177,0.03551,0.000478888,0.000478888,0.000478888
64,980.632,3.0339,6.8163,0.12431,0,0,0,0,0.6238,4.45177,0.03551,0.000474138,0.000474138,0.000474138
65,995.86,3.51119,5.40581,0.09148,0,0,0,0,0.6238,4.45177,0.03551,0.000468992,0.000468992,0.000468992
66,1011.37,2.83598,7.19014,0.1155,0,0,0,0,0.62879,4.41574,0.03579,0.00046345,0.00046345,0.00046345
67,1026.73,4.23409,5.49288,0.10766,0,0,0,0,0.62879,4.41574,0.03579,0.000457512,0.000457512,0.000457512
68,1041.85,2.93466,7.05741,0.11787,0,0,0,0,0.62879,4.41574,0.03579,0.000451178,0.000451178,0.000451178
69,1056.87,3.41086,8.05713,0.10402,0,0,0,0,0.68153,4.40542,0.03833,0.000444448,0.000444448,0.000444448
70,1072.6,1.80475,6.46994,0.094,0,0,0,0,0.68153,4.40542,0.03833,0.000437322,0.000437322,0.000437322
71,1087.77,1.26044,6.22338,0.07034,0,0,0,0,0.68153,4.40542,0.03833,0.0004298,0.0004298,0.0004298
72,1104.28,3.22978,7.75037,0.10352,0,0,0,0,0.89395,4.51119,0.04774,0.000421882,0.000421882,0.000421882
73,1121.71,2.98954,4.54388,0.07249,0,0,0,0,0.89395,4.51119,0.04774,0.000413568,0.000413568,0.000413568
74,1136.87,3.54258,6.37953,0.0959,0,0,0,0,0.89395,4.51119,0.04774,0.000404858,0.000404858,0.000404858
75,1152.2,4.21139,6.02577,0.1198,0,0,0,0,1.52694,5.05143,0.07022,0.000395752,0.000395752,0.000395752
76,1167.59,2.4835,3.93887,0.05732,0,0,0,0,1.52694,5.05143,0.07022,0.00038625,0.00038625,0.00038625
77,1182.59,2.2182,4.07069,0.04286,0,0,0,0,1.52694,5.05143,0.07022,0.000376352,0.000376352,0.000376352
78,1197.54,2.40489,4.59421,0.05343,0.00333,1,0.995,0.0995,1.87497,5.95283,0.0787,0.000366058,0.000366058,0.000366058
79,1213.44,3.88877,5.44342,0.098,0.00333,1,0.995,0.0995,1.87497,5.95283,0.0787,0.000355368,0.000355368,0.000355368
80,1231.46,4.17959,5.16873,0.1108,0.00333,1,0.995,0.0995,1.87497,5.95283,0.0787,0.000344282,0.000344282,0.000344282
81,1248.43,1.87424,6.5006,0.08613,0.00333,1,0.07107,0.04264,1.31721,7.07039,0.05162,0.0003328,0.0003328,0.0003328
82,1263.86,3.52579,7.38826,0.15828,0.00333,1,0.07107,0.04264,1.31721,7.07039,0.05162,0.000320922,0.000320922,0.000320922
83,1279.91,2.92124,4.56219,0.05532,0.00333,1,0.07107,0.04264,1.31721,7.07039,0.05162,0.000308648,0.000308648,0.000308648
84,1295.06,4.82241,7.3854,0.15132,0.00333,1,0.04326,0.0169,1.01051,8.43481,0.04017,0.000295978,0.000295978,0.000295978
85,1310.13,3.43127,4.48583,0.08492,0.00333,1,0.04326,0.0169,1.01051,8.43481,0.04017,0.000282912,0.000282912,0.000282912
86,1324.85,3.72173,5.15496,0.08548,0.00333,1,0.04326,0.0169,1.01051,8.43481,0.04017,0.00026945,0.00026945,0.00026945
87,1339.72,3.32273,7.30135,0.11708,0.00333,1,0.04326,0.0169,1.01051,8.43481,0.04017,0.000255592,0.000255592,0.000255592
88,1354.79,2.78938,4.11642,0.05807,0.01056,1,0.03685,0.00954,1.75762,11.3612,0.08557,0.000241338,0.000241338,0.000241338
89,1369.82,3.23319,7.07635,0.12749,0.01056,1,0.03685,0.00954,1.75762,11.3612,0.08557,0.000226688,0.000226688,0.000226688
90,1384.68,2.80885,6.69196,0.11181,0.01056,1,0.03685,0.00954,1.75762,11.3612,0.08557,0.000211642,0.000211642,0.000211642
91,1399.74,1.79285,5.92175,0.0982,0.01056,1,0.03685,0.00954,1.75762,11.3612,0.08557,0.0001962,0.0001962,0.0001962
92,1414.86,1.56538,6.75138,0.03614,0,0,0,0,1.8744,17.7575,0.1172,0.000180362,0.000180362,0.000180362
93,1429.82,1.64492,6.26596,0.05928,0,0,0,0,1.8744,17.7575,0.1172,0.000164128,0.000164128,0.000164128
94,1445.27,0.95499,7.05997,0.02968,0,0,0,0,1.8744,17.7575,0.1172,0.000147498,0.000147498,0.000147498
95,1460.17,1.87405,6.80754,0.05454,0,0,0,0,1.8744,17.7575,0.1172,0.000130472,0.000130472,0.000130472
96,1475.37,1.87255,6.05512,0.08597,0,0,0,0,1.74321,32.5771,0.13367,0.00011305,0.00011305,0.00011305
97,1490.3,1.84556,6.19294,0.0968,0,0,0,0,1.74321,32.5771,0.13367,9.5232e-05,9.5232e-05,9.5232e-05
98,1505.51,1.74674,6.40314,0.06728,0,0,0,0,1.74321,32.5771,0.13367,7.7018e-05,7.7018e-05,7.7018e-05
99,1520.53,1.53383,5.87742,0.08194,0,0,0,0,1.74321,32.5771,0.13367,5.8408e-05,5.8408e-05,5.8408e-05
100,1535.5,1.45177,6.79573,0.05291,0,0,0,0,1.8651,72.5834,0.08148,3.9402e-05,3.9402e-05,3.9402e-05
